{
  "NtCreateFile":{
    "action_name":"create-file",
    "output_object_refs":[
      {
        "object_type":"file",
        "object_property":"name",
        "cuckoo_arg":"FileName"
      }
    ]
  },
  "NtOpenFile":{
    "action_name":"open-file",
    "input_object_refs":[
      {
        "object_type":"file",
        "object_property":"name",
        "cuckoo_arg":"FileName"
      }
    ]
  },
  "NtOpenDirectoryObject":{
    "action_name":"open-directory",
    "input_object_refs":[
      {
        "object_type":"directory",
        "object_property":"path",
        "cuckoo_arg":"DirectoryHandle"
      }
    ]
  },
  "NtReadFile":{
    "action_name":"read-from-file"
  },
  "NtWriteFile":{
    "action_name":"write-to-file"
  },
  "NtDeleteFile":{
    "action_name":"delete-file",
    "input_object_refs":[
      {
        "object_type":"file",
        "object_property":"name",
        "cuckoo_arg":"FileName"
      }
    ]
  },
  "NtDeviceIoControlFile":{
    "action_name":"send-control-code-to-file"
  },
  "NtQueryDirectoryFile":{
    "action_name":"find-file",
    "input_object_refs":[
      {
        "object_type":"directory",
        "object_property":"path",
        "cuckoo_arg":"FileName"
      }
    ]
  },
  "NtQueryAttributesFile":{
    "action_name":"get-file-or-directory attributes",
    "input_object_refs":[
      {
        "object_type":"file",
        "object_property":"name",
        "cuckoo_arg":"FileName"
      }
    ]
  },
  "NtQueryFullAttributesFile":{
    "action_name":"get-file-or-directory-attributes",
    "input_object_refs":[
      {
        "object_type":"file",
        "object_property":"name",
        "cuckoo_arg":"FileName"
      }
    ]
  },
  "NtQueryInformationFile":{
    "action_name":"get-file-attributes"
  },
  "NtSetInformationFile":{
    "action_name":"set-file-attributes"
  },
  "NtCreateDirectoryObject":{
    "action_name":"create-directory",
    "output_object_refs":[
      {
        "object_type":"directory",
        "object_property":"path",
        "cuckoo_arg":"DirectoryHandle"
      }
    ]
  },
  "CreateDirectoryW":{
    "action_name":"create-directory",
    "output_object_refs":[
      {
        "object_type":"directory",
        "object_property":"path",
        "cuckoo_arg":"DirectoryName"
      }
    ]
  },
  "CreateDirectoryExW":{
    "action_name":"create-directory",
    "output_object_refs":[
      {
        "object_type":"directory",
        "object_property":"path",
        "cuckoo_arg":"DirectoryName"
      }
    ]
  },
  "RemoveDirectoryA":{
    "action_name":"delete-directory",
    "input_object_refs":[
      {
        "object_type":"directory",
        "object_property":"path",
        "cuckoo_arg":"DirectoryName"
      }
    ]
  },
  "RemoveDirectoryW":{
    "action_name":"delete-directory",
    "input_object_refs":[
      {
        "object_type":"directory",
        "object_property":"path",
        "cuckoo_arg":"DirectoryName"
      }
    ]
  },
  "GetSystemDirectoryA":{
    "action_name":"get-windows-system-directory",
    "output_object_refs":[
      {
        "object_type":"directory",
        "object_property":"path",
        "cuckoo_arg":"dirpath"
      }
    ]
  },
  "GetSystemDirectoryW":{
    "action_name":"get-windows-system-directory",
    "output_object_refs":[
      {
        "object_type":"directory",
        "object_property":"path",
        "cuckoo_arg":"dirpath"
      }
    ]
  },
  "GetSystemWindowsDirectoryA":{
    "action_name":"get-windows-directory",
    "output_object_refs":[
      {
        "object_type":"directory",
        "object_property":"path",
        "cuckoo_arg":"dirpath"
      }
    ]
  },
  "GetSystemWindowsDirectoryW":{
    "action_name":"get-windows-directory",
    "output_object_refs":[
      {
        "object_type":"directory",
        "object_property":"path",
        "cuckoo_arg":"dirpath"
      }
    ]
  },
  "GetTempPathW":{
    "action_name":"get-temporary-files-directory",
    "output_object_refs":[
      {
        "object_type":"directory",
        "object_property":"path",
        "cuckoo_arg":"dirpath"
      }
    ]
  },
  "MoveFileWithProgressW":{
    "action_name":"move-file",
    "input_object_refs":[
      {
        "object_type":"file",
        "object_property":"name",
        "cuckoo_arg":"ExistingFileName"
      }
    ],
    "output_object_refs":[
      {
        "object_type":"file",
        "object_property":"name",
        "cuckoo_arg":"NewFileName"
      }
    ]
  },
  "FindFirstFileExA":{
    "action_name":"find-file",
    "input_object_refs":[
      {
        "object_type":"file",
        "object_property":"name",
        "cuckoo_arg":"FileName"
      }
    ]
  },
  "FindFirstFileExW":{
    "action_name":"find-file",
    "input_object_refs":[
      {
        "object_type":"file",
        "object_property":"name",
        "cuckoo_arg":"FileName"
      }
    ]
  },
  "CopyFileA":{
    "action_name":"copy-file",
    "input_object_refs":[
      {
        "object_type":"file",
        "object_property":"name",
        "cuckoo_arg":"ExistingFileName"
      }
    ],
    "output_object_refs":[
      {
        "object_type":"file",
        "object_property":"name",
        "cuckoo_arg":"NewFileName"
      }
    ]
  },
  "CopyFileW":{
    "action_name":"copy-file",
    "input_object_refs":[
      {
        "object_type":"file",
        "object_property":"name",
        "cuckoo_arg":"ExistingFileName"
      }
    ],
    "output_object_refs":[
      {
        "object_type":"file",
        "object_property":"name",
        "cuckoo_arg":"NewFileName"
      }
    ]
  },
  "CopyFileExW":{
    "action_name":"copy-file",
    "input_object_refs":[
      {
        "object_type":"file",
        "object_property":"name",
        "cuckoo_arg":"ExistingFileName"
      }
    ],
    "output_object_refs":[
      {
        "object_type":"file",
        "object_property":"name",
        "cuckoo_arg":"NewFileName"
      }
    ]
  },
  "DeleteFileW":{
    "action_name":"delete-file",
    "input_object_refs":[
      {
        "object_type":"file",
        "object_property":"name",
        "cuckoo_arg":"FileName"
      }
    ]
  },
  "SetFileAttributesW":{
    "action_name":"set-file-or-directory-attributes",
    "input_object_refs":[
      {
        "object_type":"file",
        "object_property":"name",
        "cuckoo_arg":"filepath"
      }
    ]
  },
  "GetFileAttributesW":{
    "action_name":"get-file-or-directory-attributes",
    "input_object_refs":[
      {
        "object_type":"file",
        "object_property":"name",
        "cuckoo_arg":"filepath"
      }
    ]
  },
  "GetFileAttributesExW":{
    "action_name":"get-file-or-directory-attributes",
    "input_object_refs":[
      {
        "object_type":"file",
        "object_property":"name",
        "cuckoo_arg":"filepath"
      }
    ]
  },
  "RegOpenKeyExA":{
    "action_name":"open-registry-key",
    "input_object_refs":[
      {
        "object_type":"windows-registry-key",
        "object_property":"key",
        "cuckoo_arg":"FullName"
      }
    ]
  },
  "RegOpenKeyExW":{
    "action_name":"open-registry-key",
    "input_object_refs":[
      {
        "object_type":"windows-registry-key",
        "object_property":"key",
        "cuckoo_arg":"FullName"
      }
    ]
  },
  "RegCreateKeyExA":{
    "action_name":"create-registry-key",
    "output_object_refs":[
      {
        "object_type":"windows-registry-key",
        "object_property":"key",
        "cuckoo_arg":"FullName"
      }
    ]
  },
  "RegCreateKeyExW":{
    "action_name":"create-registry-key",
    "output_object_refs":[
      {
        "object_type":"windows-registry-key",
        "object_property":"key",
        "cuckoo_arg":"FullName"
      }
    ]
  },
  "RegDeleteKeyA":{
    "action_name":"delete-registry-key",
    "input_object_refs":[
      {
        "object_type":"windows-registry-key",
        "object_property":"key",
        "cuckoo_arg":"FullName"
      }
    ]
  },
  "RegDeleteKeyW":{
    "action_name":"delete-registry-key",
    "input_object_refs":[
      {
        "object_type":"windows-registry-key",
        "object_property":"key",
        "cuckoo_arg":"FullName"
      }
    ]
  },
  "RegEnumKeyW":{
    "action_name":"enumerate-registry-key-subkeys",
    "input_object_refs":[
      {
        "object_type":"windows-registry-key",
        "object_property":"key",
        "cuckoo_arg":"FullName"
      }
    ]
  },
  "RegEnumKeyExA":{
    "action_name":"enumerate-registry-key-subkeys",
    "input_object_refs":[
      {
        "object_type":"windows-registry-key",
        "object_property":"key",
        "cuckoo_arg":"FullName"
      }
    ]
  },
  "RegEnumKeyExW":{
    "action_name":"enumerate-registry-key-subkeys",
    "input_object_refs":[
      {
        "object_type":"windows-registry-key",
        "object_property":"key",
        "cuckoo_arg":"FullName"
      }
    ]
  },
  "RegEnumValueA":{
    "action_name":"enumerate-registry-key-values",
    "input_object_refs":[
      {
        "object_type":"windows-registry-key",
        "object_property":"key",
        "cuckoo_arg":"FullName"
      }
    ]
  },
  "RegEnumValueW":{
    "action_name":"enumerate-registry-key-values",
    "input_object_refs":[
      {
        "object_type":"windows-registry-key",
        "object_property":"key",
        "cuckoo_arg":"regkey"
      }
    ]
  },
  "RegSetValueExA":{
    "action_name":"modify-registry-key-value",
    "input_object_refs":[
      {
        "object_type":"windows-registry-key",
        "object_property":"key",
        "cuckoo_arg":"FullName"
      }
    ],
    "output_object_refs":[
      {
        "object_type":"windows-registry-key",
        "object_property":"key",
        "cuckoo_arg":"FullName"
      },
      {
        "object_type":"windows-registry-key",
        "object_property":"values/name",
        "cuckoo_arg":"ValueName"
      },
      {
        "object_type":"windows-registry-key",
        "object_property":"values/data",
        "cuckoo_arg":"Buffer"
      }
    ]
  },
  "RegSetValueExW":{
    "action_name":"modify-registry-key-value",
    "input_object_refs":[
      {
        "object_type":"windows-registry-key",
        "object_property":"key",
        "cuckoo_arg":"regkey"
      }
    ],
    "output_object_refs":[
      {
        "object_type":"windows-registry-key",
        "object_property":"key",
        "cuckoo_arg":"FullName"
      },
      {
        "object_type":"windows-registry-key",
        "object_property":"values/name",
        "cuckoo_arg":"ValueName"
      },
      {
        "object_type":"windows-registry-key",
        "object_property":"values/data",
        "cuckoo_arg":"Buffer"
      }
    ]
  },
  "RegQueryValueExA":{
    "action_name":"read-registry-key-value",
    "input_object_refs":[
      {
        "object_type":"windows-registry-key",
        "object_property":"key",
        "cuckoo_arg":"regkey"
      },
      {
        "object_type":"windows-registry-key",
        "object_property":"values/name",
        "cuckoo_arg":"regkey_r"
      }
    ]
  },
  "RegQueryValueExW":{
    "action_name":"read-registry-key-value",
    "input_object_refs":[
      {
        "object_type":"windows-registry-key",
        "object_property":"key",
        "cuckoo_arg":"FullName"
      },
      {
        "object_type":"windows-registry-key",
        "object_property":"values/name",
        "cuckoo_arg":"ValueName"
      }
    ]
  },
  "RegDeleteValueA":{
    "action_name":"delete-registry-key-value",
    "input_object_refs":[
      {
        "object_type":"windows-registry-key",
        "object_property":"key",
        "cuckoo_arg":"FullName"
      },
      {
        "object_type":"windows-registry-key",
        "object_property":"values/name",
        "cuckoo_arg":"ValueName"
      }
    ]
  },
  "RegDeleteValueW":{
    "action_name":"delete-registry-key-value",
    "input_object_refs":[
      {
        "object_type":"windows-registry-key",
        "object_property":"key",
        "cuckoo_arg":"FullName"
      },
      {
        "object_type":"windows-registry-key",
        "object_property":"values/name",
        "cuckoo_arg":"ValueName"
      }
    ]
  },
  "RegQueryInfoKeyA":{
    "action_name":"get-registry-key-attributes",
    "input_object_refs":[
      {
        "object_type":"windows-registry-key",
        "object_property":"key",
        "cuckoo_arg":"Handle"
      }
    ]
  },
  "RegQueryInfoKeyW":{
    "action_name":"get-registry-key-attributes",
    "input_object_refs":[
      {
        "object_type":"windows-registry-key",
        "object_property":"key",
        "cuckoo_arg":"Handle"
      }
    ]
  },
  "RegCloseKey":{
    "action_name":"close-registry-key",
    "input_object_refs":[
      {
        "object_type":"windows-registry-key",
        "object_property":"key",
        "cuckoo_arg":"Handle"
      }
    ]
  },
  "NtCreateKey":{
    "action_name":"create-registry-key",
    "output_object_refs":[
      {
        "object_type":"windows-registry-key",
        "object_property":"key",
        "cuckoo_arg":"ObjectAttributes"
      }
    ]
  },
  "NtOpenKey":{
    "action_name":"open-registry-key",
    "input_object_refs":[
      {
        "object_type":"windows-registry-key",
        "object_property":"key",
        "cuckoo_arg":"ObjectAttributes"
      }
    ]
  },
  "NtOpenKeyEx":{
    "action_name":"open-registry-key",
    "input_object_refs":[
      {
        "object_type":"windows-registry-key",
        "object_property":"key",
        "cuckoo_arg":"ObjectAttributes"
      }
    ]
  },
  "NtRenameKey":{
    "action_name":"rename-registry-key",
    "input_object_refs":[
      {
        "object_type":"windows-registry-key",
        "object_property":"key",
        "cuckoo_arg":"KeyHandle"
      }
    ],
    "output_object_refs":[
      {
        "object_type":"windows-registry-key",
        "object_property":"key",
        "cuckoo_arg":"NewName"
      }
    ]
  },
  "NtReplaceKey":{
    "action_name":"save-hive-key-to-file",
    "input_object_refs":[
      {
        "object_type":"windows-registry-key",
        "object_property":"key",
        "cuckoo_arg":"KeyHandle"
      }
    ],
    "output_object_refs":[
      {
        "object_type":"file",
        "object_property":"name",
        "cuckoo_arg":"NewHiveFileName"
      }
    ]
  },
  "NtEnumerateKey":{
    "action_name":"enumerate-registry-key-subkeys",
    "input_object_refs":[
      {
        "object_type":"windows-registry-key",
        "object_property":"key",
        "cuckoo_arg":"KeyHandle"
      }
    ]
  },
  "NtEnumerateValueKey":{
    "action_name":"enumerate-registry-key-values",
    "input_object_refs":[
      {
        "object_type":"windows-registry-key",
        "object_property":"key",
        "cuckoo_arg":"KeyHandle"
      }
    ]
  },
  "NtSetValueKey":{
    "action_name":"modify-registry-key-value",
    "input_object_refs":[
      {
        "object_type":"windows-registry-key",
        "object_property":"key",
        "cuckoo_arg":"regkey"
      }
    ],
    "output_object_refs":[
      {
        "object_type":"windows-registry-key",
        "object_property":"key",
        "cuckoo_arg":"FullName"
      },
      {
        "object_type":"windows-registry-key",
        "object_property":"values/name",
        "cuckoo_arg":"ValueName"
      },
      {
        "object_type":"windows-registry-key",
        "object_property":"values/data",
        "cuckoo_arg":"Buffer"
      }
    ]
  },
  "NtQueryValueKey":{
    "action_name":"read-registry-key-value",
    "input_object_refs":[
      {
        "object_type":"windows-registry-key",
        "object_property":"key",
        "cuckoo_arg":"FullName"
      },
      {
        "object_type":"windows-registry-key",
        "object_property":"values/name",
        "cuckoo_arg":"ValueName"
      }
    ],
    "output_object_refs":[
      {
        "object_type":"windows-registry-key",
        "object_property":"key",
        "cuckoo_arg":"FullName"
      },
      {
        "object_type":"windows-registry-key",
        "object_property":"values/name",
        "cuckoo_arg":"ValueName"
      },
      {
        "object_type":"windows-registry-key",
        "object_property":"values/data",
        "cuckoo_arg":"Information"
      },
      {
        "object_type":"windows-registry-key",
        "object_property":"values/data_type",
        "cuckoo_arg":"Type"
      }
    ]
  },
  "NtQueryMultipleValueKey":{
    "action_name":"read-registry-key-value",
    "input_object_refs":[
      {
        "object_type":"windows-registry-key",
        "object_property":"key",
        "cuckoo_arg":"FullName"
      }
    ]
  },
  "NtDeleteKey":{
    "action_name":"delete-registry-key",
    "input_object_refs":[
      {
        "object_type":"windows-registry-key",
        "object_property":"key",
        "cuckoo_arg":"KeyHandle"
      }
    ]
  },
  "NtDeleteValueKey":{
    "action_name":"delete-registry-key-value",
    "input_object_refs":[
      {
        "object_type":"windows-registry-key",
        "object_property":"key",
        "cuckoo_arg":"KeyHandle"
      },
      {
        "object_type":"windows-registry-key",
        "object_property":"values/name",
        "cuckoo_arg":"ValueName"
      }
    ]
  },
  "NtLoadKey":{
    "action_name":"load-registry-keys-from-file",
    "output_object_refs":[
      {
        "object_type":"windows-registry-key",
        "object_property":"key",
        "cuckoo_arg":"TargetKeyName"
      }
    ],
    "input_object_refs":[
      {
        "object_type":"file",
        "object_property":"name",
        "cuckoo_arg":"SourceFile"
      }
    ]
  },
  "NtLoadKey2":{
    "action_name":"load-registry-keys-from-file",
    "output_object_refs":[
      {
        "object_type":"windows-registry-key",
        "object_property":"key",
        "cuckoo_arg":"TargetKeyName"
      }
    ],
    "input_object_refs":[
      {
        "object_type":"file",
        "object_property":"name",
        "cuckoo_arg":"SourceFile"
      }
    ]
  },
  "NtLoadKeyEx":{
    "action_name":"load-registry-keys-from-file",
    "output_object_refs":[
      {
        "object_type":"windows-registry-key",
        "object_property":"key",
        "cuckoo_arg":"TargetKeyName"
      }
    ],
    "input_object_refs":[
      {
        "object_type":"file",
        "object_property":"name",
        "cuckoo_arg":"SourceFile"
      }
    ]
  },
  "NtQueryKey":{
    "action_name":"get-registry-key-attributes",
    "input_object_refs":[
      {
        "object_type":"windows-registry-key",
        "object_property":"key",
        "cuckoo_arg":"KeyHandle"
      }
    ]
  },
  "NtSaveKey":{
    "action_name":"save-registry-key-subtree-to-file",
    "input_object_refs":[
      {
        "object_type":"windows-registry-key",
        "object_property":"key",
        "cuckoo_arg":"KeyHandle"
      }
    ],
    "output_object_refs":[
      {
        "object_type":"file",
        "object_property":"name",
        "cuckoo_arg":"FileHandle"
      }
    ]
  },
  "NtSaveKeyEx":{
    "action_name":"save-registry-key-subtree-to-file",
    "input_object_refs":[
      {
        "object_type":"windows-registry-key",
        "object_property":"key",
        "cuckoo_arg":"KeyHandle"
      }
    ],
    "output_object_refs":[
      {
        "object_type":"file",
        "object_property":"name",
        "cuckoo_arg":"FileHandle"
      }
    ]
  },
  "NtCreateProcess":{
    "action_name":"create-process",
    "output_object_refs":[
      {
        "object_type":"process",
        "object_property":"pid",
        "cuckoo_arg":"ProcessIdentifier"
      }
    ]
  },
  "NtCreateProcessEx":{
    "action_name":"create-process",
    "output_object_refs":[
      {
        "object_type":"process",
        "object_property":"pid",
        "cuckoo_arg":"ProcessIdentifier"
      }
    ]
  },
    "NtResumeProcess":{
    "action_name":"resume-process",
    "input_object_refs":[
      {
        "object_type":"process",
        "object_property":"pid",
        "cuckoo_arg":"ProcessId"
      }
    ]
  },
  "NtCreateUserProcess":{
    "action_name":"create-process",
    "output_object_refs":[
      {
        "object_type":"process",
        "object_property":"pid",
        "cuckoo_arg":"ProcessIdentifier"
      },
      {
        "object_type":"process",
        "object_property":"command_line",
        "cuckoo_arg":"CommandLine"
      },
      {
        "object_type":"process",
        "object_property":"name",
        "cuckoo_arg":"ProcessFileName"
      }
    ]
  },
  "RtlCreateUserProcess":{
    "action_name":"create-process",
    "output_object_refs":[
      {
        "object_type":"process",
        "object_property":"pid",
        "cuckoo_arg":"ProcessIdentifier"
      }
    ]
  },
  "NtOpenProcess":{
    "action_name":"open-process",
    "input_object_refs":[
      {
        "object_type":"process",
        "object_property":"pid",
        "cuckoo_arg":"ProcessIdentifier"
      }
    ]
  },
  "NtTerminateProcess":{
    "action_name":"kill-process",
    "input_object_refs":[
      {
        "object_type":"process",
        "object_property":"pid",
        "cuckoo_arg":"ProcessIdentifier"
      }
    ]
  },
  "NtCreateSection":{
    "action_name":"create-section"
  },
  "NtOpenSection":{
    "action_name":"open-section"
  },
  "CreateProcessInternalW":{
    "action_name":"create-process",
    "output_object_refs":[
      {
        "object_type":"process",
        "object_property":"pid",
        "cuckoo_arg":"ProcessId"
      },
      {
        "object_type":"process",
        "object_property":"command_line",
        "cuckoo_arg":"CommandLine"
      }
    ]
  },
  "ShellExecuteExW":{
    "action_name":"execute-file",
    "input_object_refs":[
      {
        "object_type":"file",
        "object_property":"name",
        "cuckoo_arg":"FilePath"
      }
    ]
  },
  "NtUnmapViewOfSection":{
    "action_name":"unmap-view-of-section"
  },
  "NtAllocateVirtualMemory":{
    "action_name":"allocate-process-virtual-memory"
  },
  "NtReadVirtualMemory":{
    "action_name":"read-from-process-memory"
  },
  "ReadProcessMemory":{
    "action_name":"read-from-process-memory"
  },
  "NtWriteVirtualMemory":{
    "action_name":"write-to-process-memory"
  },
  "WriteProcessMemory":{
    "action_name":"write-to-process-memory",
    "input_object_refs":[
      {
        "object_type":"process",
        "object_property":"pid",
        "cuckoo_arg":"ProcessIdentifier"
      }
    ]
  },
  "NtProtectVirtualMemory":{
    "action_name":"modify-process-virtual-memory-protection"
  },
  "NtFreeVirtualMemory":{
    "action_name":"free-process-virtual-memory",
    "input_object_refs":[
      {
        "object_type":"process",
        "object_property":"pid",
        "cuckoo_arg":"ProcessIdentifier"
      }
    ]
  },
  "FindWindowA":{
    "action_name":"find-window"
  },
  "FindWindowW":{
    "action_name":"find-window"
  },
  "FindWindowExA":{
    "action_name":"find-window"
  },
  "FindWindowExW":{
    "action_name":"find-window"
  },
  "SetWindowsHookExA":{
    "action_name":"add-windows-hook"
  },
  "SetWindowsHookExW":{
    "action_name":"add-windows-hook"
  },
  "UnhookWindowsHookEx":{
    "action_name":"remove-windows-hook"
  },
  "LdrLoadDll":{
    "action_name":"load-library",
    "input_object_refs":[
      {
        "object_type":"file",
        "object_property":"name",
        "cuckoo_arg":"module_name"
      }
    ]
  },
  "LdrUnloadDll":{
    "action_name":"unload-library",
    "input_object_refs":[
      {
        "object_type":"file",
        "object_property":"name",
        "cuckoo_arg":"library"
      }
    ]
  },
  "LdrGetDllHandle":{
    "action_name":"get-dll-handle",
    "input_object_refs":[
      {
        "object_type":"file",
        "object_property":"name",
        "cuckoo_arg":"module_name"
      }
    ]
  },
  "LdrGetProcedureAddress":{
    "action_name":"get-function-address",
    "input_object_refs":[
      {
        "object_type":"file",
        "object_property":"name",
        "cuckoo_arg":"module"
      }
    ]
  },
  "DeviceIoControl":{
    "action_name":"send-control-code-to-driver"
  },
  "ExitWindowsEx":{
    "action_name":"shutdown-system"
  },
  "IsDebuggerPresent":{
    "action_name":"check-for-remote-debugger"
  },
  "LookupPrivilegeValueW":{
    "action_name":"find-privilege-value"
  },
  "NtClose":{
    "action_name":"close-handle"
  },
  "WriteConsoleA":{
    "action_name":"write-to-console"
  },
  "WriteConsoleW":{
    "action_name":"write-to-console"
  },
  "NtMapViewOfSection":{
    "action_name":"map-view-of-section",
    "input_object_refs":[
      {
        "object_type":"process",
        "object_property":"pid",
        "cuckoo_arg":"pid"
      }
    ]
  },
  "GetSystemMetrics":{
    "action_name":"get-system-metrics"
  },
  "NtDelayExecution":{
    "action_name":"delay-execution"
  },
  "GetLocalTime":{
    "action_name":"get-system-local-time"
  },
  "GetSystemTime":{
    "action_name":"get-system-time"
  },
  "GetTickCount":{
    "action_name":"get-tick-count"
  },
  "NtQuerySystemTime":{
    "action_name":"get-system-time"
  },
  "WSAStartup":{
    "action_name":"initialize-winsock"
  },
  "gethostbyname":{
    "action_name":"get-host-by-name"
  },
  "socket":{
    "action_name":"create-socket"
  },
  "connect":{
    "action_name":"connect-to-socket",
    "input_object_refs":[
      {
        "object_type":"network-traffic",
        "object_property":"dst_port",
        "cuckoo_arg":"port"
      },
      {
        "object_type":"network-traffic",
        "object_property":"dst_ref",
        "cuckoo_arg":"ip"
      }
    ]
  },
  "send":{
    "action_name":"send-data-on-socket"
  },
  "sendto":{
    "action_name":"send-data-to-address-on-socket",
    "output_object_refs":[
      {
        "object_type":"network-traffic",
        "object_property":"dst_port",
        "cuckoo_arg":"port"
      },
      {
        "object_type":"network-traffic",
        "object_property":"dst_ref",
        "cuckoo_arg":"ip"
      }
    ]
  },
  "recv":{
    "action_name":"receive-data-on-socket"
  },
  "recvfrom":{
    "action_name":"receive-data-on-socket",
    "input_object_refs":[
      {
        "object_type":"network-traffic",
        "object_property":"src_port",
        "cuckoo_arg":"port"
      },
      {
        "object_type":"network-traffic",
        "object_property":"src_ref",
        "cuckoo_arg":"ip"
      }
    ]
  },
  "accept":{
    "action_name":"accept-socket-connection",
    "input_object_refs":[
      {
        "object_type":"network-traffic",
        "object_property":"src_port",
        "cuckoo_arg":"port"
      },
      {
        "object_type":"network-traffic",
        "object_property":"src_ref",
        "cuckoo_arg":"ip"
      }
    ]
  },
  "bind":{
    "action_name":"bind-address-to-socket",
    "output_object_refs":[
      {
        "object_type":"network-traffic",
        "object_property":"src_port",
        "cuckoo_arg":"port"
      },
      {
        "object_type":"network-traffic",
        "object_property":"src_ref",
        "cuckoo_arg":"ip"
      }
    ]
  },
  "listen":{
    "action_name":"listen-on-socket"
  },
  "select":{
    "action_name":"check-for-ready-sockets"
  },
  "setsockopt":{
    "action_name":"set-socket-option"
  },
  "ioctlsocket":{
    "action_name":"send-command-to-socket"
  },
  "closesocket":{
    "action_name":"close-socket"
  },
  "shutdown":{
    "action_name":"disable-socket-operation"
  },
  "WSARecv":{
    "action_name":"receive-data-on-socket"
  },
  "WSARecvFrom":{
    "action_name":"receive-data-on-socket",
    "input_object_refs":[
      {
        "object_type":"network-traffic",
        "object_property":"src_port",
        "cuckoo_arg":"port"
      },
      {
        "object_type":"network-traffic",
        "object_property":"src_ref",
        "cuckoo_arg":"ip"
      }
    ]
  },
  "WSASend":{
    "action_name":"send-data-on-socket"
  },
  "WSASendTo":{
    "action_name":"send-data-on-socket",
    "output_object_refs":[
      {
        "object_type":"network-traffic",
        "object_property":"dst_port",
        "cuckoo_arg":"port"
      },
      {
        "object_type":"network-traffic",
        "object_property":"dst_ref",
        "cuckoo_arg":"ip"
      }
    ]
  },
  "WSASocketA":{
    "action_name":"create-socket"
  },
  "WSASocketW":{
    "action_name":"create-socket"
  },
  "ConnectEx":{
    "action_name":"connect-to-socket",
    "input_object_refs":[
      {
        "object_type":"network-traffic",
        "object_property":"src_port",
        "cuckoo_arg":"port"
      },
      {
        "object_type":"network-traffic",
        "object_property":"src_ref",
        "cuckoo_arg":"ip"
      }
    ]
  },
  "TransmitFile":{
    "action_name":"send-file-over-socket"
  },
  "NtCreateMutant":{
    "action_name":"create-mutex",
    "output_object_refs":[
      {
        "object_type":"mutex",
        "object_property":"name",
        "cuckoo_arg":"mutant_name"
      }
    ]
  },
  "NtOpenMutant":{
    "action_name":"open-mutex",
    "input_object_refs":[
      {
        "object_type":"mutex",
        "object_property":"name",
        "cuckoo_arg":"mutant_name"
      }
    ]
  },
  "OpenSCManagerA":{
    "action_name":"open-service control manager"
  },
  "OpenSCManagerW":{
    "action_name":"open-service-control-manager"
  },
  "CreateServiceA":{
    "action_name":"create-service",
    "output_object_refs":[
      {
        "object_type":"process",
        "object_property":"binary_ref",
        "cuckoo_arg":"filepath"
      },
      {
        "object_type":"process",
        "object_property":"service_name",
        "cuckoo_arg":"service_name",
        "extension":"windows-service-ext"
      },
      {
        "object_type":"process",
        "object_property":"display_name",
        "cuckoo_arg":"display_name",
        "extension":"windows-service-ext"
      },
      {
        "object_type":"process",
        "object_property":"service_type",
        "cuckoo_arg":"service_type",
        "extension":"windows-service-ext"
      },
      {
        "object_type":"process",
        "object_property":"start_type",
        "cuckoo_arg":"start_type",
        "extension":"windows-service-ext"
      }
    ]
  },
  "CreateServiceW":{
    "action_name":"create-service",
    "output_object_refs":[
      {
        "object_type":"process",
        "object_property":"binary_ref",
        "cuckoo_arg":"filepath"
      },
      {
        "object_type":"process",
        "object_property":"service_name",
        "cuckoo_arg":"service_name",
        "extension":"windows-service-ext"
      },
      {
        "object_type":"process",
        "object_property":"display_name",
        "cuckoo_arg":"display_name",
        "extension":"windows-service-ext"
      },
      {
        "object_type":"process",
        "object_property":"service_type",
        "cuckoo_arg":"service_type",
        "extension":"windows-service-ext"
      },
      {
        "object_type":"process",
        "object_property":"start_type",
        "cuckoo_arg":"start_type",
        "extension":"windows-service-ext"
      }
    ]
  },
  "OpenServiceA":{
    "action_name":"open-service",
    "input_object_refs":[
      {
        "object_type":"process",
        "object_property":"service_name",
        "cuckoo_arg":"service_name",
        "extension":"windows-service-ext"
      }
    ]
  },
  "OpenServiceW":{
    "action_name":"open-service",
    "input_object_refs":[
      {
        "object_type":"process",
        "object_property":"service_name",
        "cuckoo_arg":"service_name",
        "extension":"windows-service-ext"
      }
    ]
  },
  "StartServiceA":{
    "action_name":"start-service"
  },
  "StartServiceW":{
    "action_name":"start-service"
  },
  "ControlService":{
    "action_name":"send-control-code-to-service"
  },
  "DeleteService":{
    "action_name":"delete-service"
  },
  "NtCreateThread":{
    "action_name":"create-thread",
    "input_object_refs":[
      {
        "object_type":"process",
        "object_property":"pid",
        "cuckoo_arg":"ProcessId"
      }
    ]
  },
  "NtOpenThread":{
    "action_name":"open-thread",
    "input_object_refs":[
      {
        "object_type":"process",
        "object_property":"pid",
        "cuckoo_arg":"ProcessId"
      }
    ]
  },
  "NtGetContextThread":{
    "action_name":"get-thread-context"
  },
  "NtSetContextThread":{
    "action_name":"set-thread-context",
    "input_object_refs":[
      {
        "object_type":"process",
        "object_property":"pid",
        "cuckoo_arg":"ProcessId"
      }
    ]
  },
  "NtSuspendThread":{
    "action_name":"suspend-thread"
  },
  "NtResumeThread":{
    "action_name":"resume-thread",
    "input_object_refs":[
      {
        "object_type":"process",
        "object_property":"pid",
        "cuckoo_arg":"ProcessId"
      }
    ]
  },
  "NtTerminateThread":{
    "action_name":"kill-thread"
  },
  "CreateThread":{
    "action_name":"create-thread"
  },
  "CreateRemoteThread":{
    "action_name":"create-remote-thread-in-process",
    "input_object_refs":[
      {
        "object_type":"process",
        "object_property":"pid",
        "cuckoo_arg":"ProcessId"
      }
    ]
  },
  "ExitThread":{
    "action_name":"exit-thread"
  },
  "RtlCreateUserThread":{
    "action_name":"create-thread"
  },
  "URLDownloadToFileW":{
    "action_name":"download-file",
    "input_object_refs":[
      {
        "object_type":"url",
        "object_property":"value",
        "cuckoo_arg":"URL"
      }
    ],
    "output_object_refs":[
      {
        "object_type":"file",
        "object_property":"name",
        "cuckoo_arg":"FileName"
      }
    ]
  },
  "InternetOpenA":{
    "action_name":"initialize-wininet"
  },
  "InternetOpenW":{
    "action_name":"initialize-wininet"
  },
  "InternetConnectA":{
    "action_name":"connect-to-server",
    "output_object_refs":[
      {
        "object_type":"network-traffic",
        "object_property":"dst_port",
        "cuckoo_arg":"ServerPort"
      },
      {
        "object_type":"network-traffic",
        "object_property":"dst_ref",
        "cuckoo_arg":"ServerName"
      },
      {
        "object_type":"network-traffic",
        "object_property":"protocols",
        "cuckoo_arg":"Service"
      }
    ]
  },
  "InternetConnectW":{
    "action_name":"connect-to-server",
    "output_object_refs":[
      {
        "object_type":"network-traffic",
        "object_property":"dst_port",
        "cuckoo_arg":"ServerPort"
      },
      {
        "object_type":"network-traffic",
        "object_property":"dst_ref",
        "cuckoo_arg":"ServerName"
      },
      {
        "object_type":"network-traffic",
        "object_property":"protocols",
        "cuckoo_arg":"Service"
      }
    ]
  },
  "InternetOpenURLA":{
    "action_name":"connect-to-url",
    "output_object_refs":[
      {
        "object_type":"network-traffic",
        "object_property":"dst_ref",
        "cuckoo_arg":"URL"
      }
    ]
  },
  "InternetOpenURLW":{
    "action_name":"connect-to-url",
    "output_object_refs":[
      {
        "object_type":"network-traffic",
        "object_property":"dst_ref",
        "cuckoo_arg":"URL"
      }
    ]
  },
  "HttpOpenRequestA":{
    "action_name":"open-http-request"
  },
  "HttpOpenRequestW":{
    "action_name":"open-http-request"
  },
  "InternetReadFile":{
    "action_name":"read-from-internet-resource"
  },
  "InternetWriteFile":{
    "action_name":"write-to-internet-resource"
  },
  "InternetCloseHandle":{
    "action_name":"close-internet-resource-handle"
  },
  "HttpSendRequestA":{
    "action_name":"send-http-request"
  },
  "HttpSendRequestW":{
    "action_name":"send-http-request"
  },
  "DnsQuery_A":{
    "action_name":"send-dns-query"
  },
  "DnsQuery_UTF8":{
    "action_name":"send-dns-query"
  },
  "DnsQuery_W":{
    "action_name":"send-dns-query"
  },
  "getaddrinfo":{
    "action_name":"get-host-by-name"
  },
  "GetAddrInfoW": {
    "action_name": "get-host-by-name"
  }
}
